{"_wandb":{"runtime":16},"f1/validation":0.45098039215686275,"f1/test":0.4553093964858671,"best_test_f1":0.4549618320610687,"_runtime":16.914144,"_step":99,"f1/train":0.46788990825688076,"_timestamp":1.734202302864094e+09}