{"_wandb":{"runtime":8},"best_test_f1":0.42694928084784256,"_runtime":8.357999,"_step":99,"f1/train":0.7521079258010118,"_timestamp":1.734202039066805e+09,"f1/validation":0.26542056074766357,"f1/test":0.4406779661016949}