{"f1/test":0.4547882487600153,"best_test_f1":0.4553093964858671,"_runtime":6.613103,"_step":22,"f1/train":0.4675324675324675,"_timestamp":1.734206305486913e+09,"f1/validation":0.4508104033169996,"_wandb":{"runtime":6}}