{"f1/validation":0.4508104033169996,"f1/test":0.4549618320610687,"best_test_f1":0.45565749235474007,"_runtime":18.811196,"_wandb":{"runtime":18},"_step":99,"f1/train":0.4675324675324675,"_timestamp":1.7342060631306298e+09}