{"f1/validation":0.4508104033169996,"f1/test":0.4549618320610687,"best_test_f1":0.4547882487600153,"_runtime":8.79294,"_step":86,"f1/train":0.4675324675324675,"_wandb":{"runtime":8},"_timestamp":1.734202269793484e+09}