{"f1/validation":0.2400932400932401,"f1/test":0.5083179297597042,"best_test_f1":0.4939434724091521,"_runtime":31.434577,"_step":199,"_wandb":{"runtime":31},"f1/train":0.9507278835386338,"_timestamp":1.734206887116639e+09}