{"f1/validation":0.1005586592178771,"f1/test":0.33488372093023255,"best_test_f1":0.4182741116751269,"_runtime":42.77447,"_step":199,"f1/train":0.9360306178239475,"_wandb":{"runtime":42},"_timestamp":1.734206944582468e+09}