{"_runtime":38.510349,"_step":199,"f1/train":0.4675754873232259,"_timestamp":1.734206394732596e+09,"_wandb":{"runtime":38},"f1/validation":0.4508104033169996,"f1/test":0.4551355479190531,"best_test_f1":0.4543718976708667}