{"_wandb":{"runtime":30},"best_test_f1":0.45423209498276523,"_runtime":30.218474,"_step":199,"f1/train":0.5078563411896745,"_timestamp":1.734206288626719e+09,"f1/validation":0.4186666666666667,"f1/test":0.42216117216117216}