{"_step":199,"f1/train":0.5202113983716612,"_timestamp":1.734202954129039e+09,"f1/validation":0.4167076167076167,"f1/test":0.4034151547491996,"best_test_f1":0.454302103250478,"_wandb":{"runtime":31},"_runtime":31.630325}