{"_step":199,"f1/train":0.4866657821414356,"_timestamp":1.734206453919768e+09,"f1/validation":0.4323630136986301,"f1/test":0.43045774647887325,"_wandb":{"runtime":49},"best_test_f1":0.45108695652173914,"_runtime":49.208177}