{"_runtime":33.250295,"_wandb":{"runtime":33},"_step":199,"f1/train":0.5164399092970522,"_timestamp":1.7342021044945788e+09,"f1/validation":0.42769084874348035,"f1/test":0.40865626572722696,"best_test_f1":0.4547882487600153}