{"f1/validation":0.4508104033169996,"f1/test":0.4549618320610687,"best_test_f1":0.4547882487600153,"_runtime":36.967638,"_step":99,"f1/train":0.46727782021899666,"_timestamp":1.7342061421885371e+09,"_wandb":{"runtime":36}}