{"best_test_f1":0.4547191440580818,"_runtime":19.600435,"_step":99,"f1/train":0.46777070063694265,"_timestamp":1.734206095517962e+09,"f1/validation":0.45115050924179556,"f1/test":0.4547191440580818,"_wandb":{"runtime":19}}