{"f1/test":0.4549618320610687,"best_test_f1":0.45565749235474007,"_runtime":12.679907,"_step":99,"f1/train":0.4675324675324675,"_timestamp":1.734173202832385e+09,"f1/validation":0.4508104033169996,"_wandb":{"runtime":12}}