{"best_test_f1":0.4554833779136416,"_runtime":11.807943999999999,"_wandb":{"runtime":11},"_step":99,"f1/train":0.4675324675324675,"_timestamp":1.734173333783781e+09,"f1/validation":0.4508104033169996,"f1/test":0.4549618320610687}