{"f1/validation":0.25851528384279476,"f1/test":0.4678624813153961,"best_test_f1":0.47591660675772823,"_runtime":29.923406,"_step":199,"f1/train":0.7869605142332415,"_timestamp":1.7342068408490582e+09,"_wandb":{"runtime":29}}