{"f1/train":0.5205006473888649,"_timestamp":1.7342060338545449e+09,"f1/validation":0.3981288981288981,"f1/test":0.3889845094664372,"best_test_f1":0.4544758990053558,"_runtime":37.234615,"_wandb":{"runtime":37},"_step":199}