{"f1/test":0.3973509933774834,"best_test_f1":0.24255788313120177,"_runtime":29.692695,"_step":199,"_wandb":{"runtime":29},"f1/train":0.8537952114111055,"_timestamp":1.734206794116371e+09,"f1/validation":0.13144590495449948}