{"_step":1,"f1/train":0.4675324675324675,"_timestamp":1.734202859645605e+09,"f1/validation":0.4508104033169996,"_wandb":{"runtime":1},"f1/test":0.4547882487600153,"best_test_f1":0.4547882487600153,"_runtime":1.435921}