{"f1/test":0.4194615021256495,"best_test_f1":0.4553093964858671,"_runtime":25.194882,"_step":199,"_wandb":{"runtime":25},"f1/train":0.49877015578026784,"_timestamp":1.734206346786731e+09,"f1/validation":0.42792384406165007}