{"f1/test":0.45419254658385094,"_wandb":{"runtime":82},"best_test_f1":0.45412490362374713,"_runtime":82.448449,"_step":199,"f1/train":0.4693694845888221,"_timestamp":1.7342065454051762e+09,"f1/validation":0.444698703279939}